店铺名,店铺所在位置,人均消费,评分,美食名称,店铺图片链接,纬度,经度,最低价格,店铺ID,店铺详情页
沪上阿姨鲜果茶（磨店美食街店）,磨店,15.0,4.6,奶茶/果汁,http://p0.meituan.net/w.h/biztone/1847347851_1637748790659.jpeg,31.9387,117.3814,0.66,1455321908,https://www.meituan.com/meishi/1455321908/
茶百道（万象城店）,奥体中心,15.0,3.8,奶茶/果汁,http://p0.meituan.net/w.h/biztone/1844271393_1636098027729.jpeg,31.7998,117.2319,6.66,910500387,https://www.meituan.com/meishi/910500387/
茶百道（万达店）,巢湖火车站,15.0,4.7,奶茶/果汁,http://p0.meituan.net/w.h/biztone/b8df853928aacac04c8add55075cb030325791.jpg,31.6111,117.884,6.66,656308682,https://www.meituan.com/meishi/656308682/
沪上阿姨鲜果茶（世纪金源店）,滨湖世纪城,15.0,4.2,奶茶/果汁,http://p0.meituan.net/w.h/biztone/1847347851_1637748790659.jpeg,31.7428,117.2899,0.66,189367273,https://www.meituan.com/meishi/189367273/
沪上阿姨鲜果茶（祥源城店）,高新区,15.0,3.8,奶茶/果汁,http://p0.meituan.net/w.h/biztone/1847347851_1637748790659.jpeg,31.8327,117.1306,0.66,1794208545,https://www.meituan.com/meishi/1794208545/
CoCo都可（港汇广场店）,南七里站,12.0,4.6,奶茶/果汁,https://img.meituan.net/w.h/msmerchant/05784081b1ed0587e4ea65172a76ef7114438.jpg,31.8328,117.2333,5.0,189380991,https://www.meituan.com/meishi/189380991/
CoCo都可（星达城店）,星达城购物中心,13.0,4.5,奶茶/果汁,https://img.meituan.net/w.h/msmerchant/05784081b1ed0587e4ea65172a76ef7114438.jpg,31.7756,117.2121,5.0,156616411,https://www.meituan.com/meishi/156616411/
CoCo都可（绿地海顿店）,望江东路,13.0,4.6,奶茶/果汁,https://img.meituan.net/w.h/msmerchant/05784081b1ed0587e4ea65172a76ef7114438.jpg,31.8299,117.3028,5.0,42484416,https://www.meituan.com/meishi/42484416/
茶百道（银河广场店）,悦方IDMALL,16.0,4.4,奶茶/果汁,http://p0.meituan.net/w.h/biztone/b8df853928aacac04c8add55075cb030325791.jpg,31.742,117.3039,6.66,1766449641,https://www.meituan.com/meishi/1766449641/
茶百道（滨湖银泰店）,滨湖银泰城,15.0,4.3,奶茶/果汁,http://p0.meituan.net/w.h/biztone/b8df853928aacac04c8add55075cb030325791.jpg,31.7143,117.3011,6.66,1112747560,https://www.meituan.com/meishi/1112747560/
茶百道（淮河路步行街店）,淮河路步行街,15.0,4.1,奶茶/果汁,http://p0.meituan.net/w.h/biztone/1844271393_1636098027729.jpeg,31.8644,117.2983,6.66,751070208,https://www.meituan.com/meishi/751070208/
R&B珍奶（兴旺路店）,北城世纪城,13.0,4.4,奶茶/果汁,https://img.meituan.net/w.h/msmerchant/72cef4e2bb6e392d0eddc26735489c9b31558.jpg,32.0056,117.2443,7.5,1498647136,https://www.meituan.com/meishi/1498647136/
茶百道（合肥中环购物中心店）,中环城,15.0,3.7,奶茶/果汁,http://p0.meituan.net/w.h/biztone/b8df853928aacac04c8add55075cb030325791.jpg,31.7818,117.2055,15.3,1582489542,https://www.meituan.com/meishi/1582489542/
茶百道（海卉美食街店）,大唐国际乐购,15.0,4.6,奶茶/果汁,http://p0.meituan.net/w.h/biztone/b8df853928aacac04c8add55075cb030325791.jpg,31.8305,117.2336,6.66,1414692127,https://www.meituan.com/meishi/1414692127/
CoCo都可（漫乐城店）,徽州大道,13.0,4.4,奶茶/果汁,https://img.meituan.net/w.h/msmerchant/05784081b1ed0587e4ea65172a76ef7114438.jpg,31.8349,117.2862,5.0,165643068,https://www.meituan.com/meishi/165643068/
茶百道（政务银泰店）,天鹅湖银泰城,15.0,4.6,奶茶/果汁,http://p0.meituan.net/w.h/biztone/1844271393_1636098027729.jpeg,31.8168,117.2331,6.66,1281638064,https://www.meituan.com/meishi/1281638064/
CoCo都可（肥东中央广场店）,肥东县,12.0,4.3,奶茶/果汁,https://img.meituan.net/w.h/msmerchant/05784081b1ed0587e4ea65172a76ef7114438.jpg,31.8749,117.4391,5.0,189261129,https://www.meituan.com/meishi/189261129/
娃哈哈奶茶（天鹅湖万达店）,天鹅湖万达广场,15.0,4.3,奶茶/果汁,http://p0.meituan.net/w.h/biztone/1997488338_1637138903698.jpeg,31.8203,117.2205,0.99,1687199281,https://www.meituan.com/meishi/1687199281/
沪上阿姨鲜果茶（安德利广场店）,军二路,15.0,4.4,奶茶/果汁,http://p0.meituan.net/w.h/biztone/1847347851_1637748790659.jpeg,31.2612,117.2707,0.66,162949207,https://www.meituan.com/meishi/162949207/
沪上阿姨鲜果茶（世纪金源店）,世纪金源,15.0,4.8,奶茶/果汁,http://p0.meituan.net/w.h/biztone/1847347851_1637748790659.jpeg,32.0042,117.2463,0.66,1294163110,https://www.meituan.com/meishi/1294163110/
茶百道（大学城店）,中环城,15.0,4.6,奶茶/果汁,http://p0.meituan.net/w.h/biztone/b8df853928aacac04c8add55075cb030325791.jpg,31.7756,117.2066,6.66,1616840469,https://www.meituan.com/meishi/1616840469/
X-CHA（高新银泰店）,高新区,20.0,4.4,奶茶/果汁,http://p0.meituan.net/w.h/biztone/1323358210_1635702872297.jpeg,31.8335,117.1305,9.9,1323358210,https://www.meituan.com/meishi/1323358210/
娃哈哈奶茶（瑶海万达店）,瑶海万达广场,15.0,4.7,奶茶/果汁,http://p0.meituan.net/w.h/biztone/1997488338_1637138903698.jpeg,31.8775,117.3501,0.99,1440629768,https://www.meituan.com/meishi/1440629768/
茶百道（五彩城店）,南七里站,15.0,4.5,奶茶/果汁,http://p0.meituan.net/w.h/biztone/b8df853928aacac04c8add55075cb030325791.jpg,31.8302,117.2476,6.66,1629785572,https://www.meituan.com/meishi/1629785572/
沪上阿姨鲜果茶（肥西吉园商业街店）,经开区,15.0,4.3,奶茶/果汁,http://p0.meituan.net/w.h/biztone/1847347851_1637748790659.jpeg,31.7124,117.2466,0.66,179224989,https://www.meituan.com/meishi/179224989/
古茗（绿地瀛海店）,望江东路,15.0,4.8,奶茶/果汁,https://img.meituan.net/w.h/msmerchant/7d336a36b70f959926e14f892ab9bb9421909.png,31.83,117.3029,13.0,1946890822,https://www.meituan.com/meishi/1946890822/
CoCo都可（绿都步行街店）,市府广场,12.0,4.7,奶茶/果汁,https://img.meituan.net/w.h/msmerchant/05784081b1ed0587e4ea65172a76ef7114438.jpg,31.8632,117.2891,5.0,2122762,https://www.meituan.com/meishi/2122762/
沪上阿姨鲜果茶（电子产业园店）,高新区,15.0,4.2,奶茶/果汁,http://p0.meituan.net/w.h/biztone/1847347851_1637748790659.jpeg,31.8674,117.1541,0.66,1315343290,https://www.meituan.com/meishi/1315343290/
CoCo都可（罍街店）,宁国路商业区,13.0,4.4,奶茶/果汁,https://img.meituan.net/w.h/msmerchant/05784081b1ed0587e4ea65172a76ef7114438.jpg,31.8206,117.2938,5.0,194640091,https://www.meituan.com/meishi/194640091/
CoCo都可（玖方广场店）,玖方广场,13.0,4.3,奶茶/果汁,https://img.meituan.net/w.h/msmerchant/05784081b1ed0587e4ea65172a76ef7114438.jpg,31.7984,117.1836,5.0,824237775,https://www.meituan.com/meishi/824237775/
CoCo都可（宿州路商之都店）,商之都,12.0,4.7,奶茶/果汁,https://img.meituan.net/w.h/msmerchant/05784081b1ed0587e4ea65172a76ef7114438.jpg,31.8588,117.2892,5.0,193171285,https://www.meituan.com/meishi/193171285/
奶茶先生,肥东县,0.0,4.0,奶茶/果汁,http://p1.meituan.net/w.h/wmproduct/21ebcea03cbec79541f76085c50b3d30950017.png,31.8211,117.4663,0.0,194309336,https://www.meituan.com/meishi/194309336/
CoCo都可（玖方广场店）,玖方广场,13.0,4.3,奶茶/果汁,https://img.meituan.net/w.h/msmerchant/05784081b1ed0587e4ea65172a76ef7114438.jpg,31.7984,117.1836,5.0,824237775,https://www.meituan.com/meishi/824237775/
CoCo都可（宿州路商之都店）,商之都,12.0,4.7,奶茶/果汁,https://img.meituan.net/w.h/msmerchant/05784081b1ed0587e4ea65172a76ef7114438.jpg,31.8588,117.2892,5.0,193171285,https://www.meituan.com/meishi/193171285/
贡茶（高新蜀山店）,高新区,10.0,3.9,奶茶/果汁,http://p0.meituan.net/w.h/merchant/4d03b48cfcc2c74ec69f39fd789efb9469134.jpg,31.8517,117.1568,6.9,871863547,https://www.meituan.com/meishi/871863547/
沪上阿姨鲜果茶（医科大学临床医学院店）,蜀山区,15.0,4.0,奶茶/果汁,http://p0.meituan.net/w.h/biztone/1847347851_1637748790659.jpeg,31.8304,117.1041,0.66,1030636615,https://www.meituan.com/meishi/1030636615/
沪上阿姨鲜果茶（绿地瀛海店）,望江东路,15.0,4.7,奶茶/果汁,http://p0.meituan.net/w.h/biztone/1847347851_1637748790659.jpeg,31.8299,117.3025,0.66,190832981,https://www.meituan.com/meishi/190832981/
蜜雪冰城（禹州天玺店）,肥西县,7.0,4.9,奶茶/果汁,http://p1.meituan.net/w.h/biztone/2e5610e337d0a30c2ecf9cf00aa0f266162461.jpg,31.7803,117.1692,0.1,1748243309,https://www.meituan.com/meishi/1748243309/
茶百道（宿州路店）,淮河路步行街,15.0,4.4,奶茶/果汁,http://p0.meituan.net/w.h/biztone/1844271393_1636098027729.jpeg,31.8651,117.2893,6.66,1811024498,https://www.meituan.com/meishi/1811024498/
CoCo都可（女人街二店）,三孝口/女人街,12.0,4.3,奶茶/果汁,https://img.meituan.net/w.h/msmerchant/05784081b1ed0587e4ea65172a76ef7114438.jpg,31.8605,117.2758,5.0,183969000,https://www.meituan.com/meishi/183969000/
CoCo都可（万达金街店）,瑶海万达广场,13.0,4.1,奶茶/果汁,https://img.meituan.net/w.h/msmerchant/05784081b1ed0587e4ea65172a76ef7114438.jpg,31.8774,117.349,5.0,1132600835,https://www.meituan.com/meishi/1132600835/
沪上阿姨鲜果茶（淮河路百盛店）,淮河路步行街,15.0,4.3,奶茶/果汁,http://p0.meituan.net/w.h/biztone/1847347851_1637748790659.jpeg,31.8645,117.2945,0.66,1937474838,https://www.meituan.com/meishi/1937474838/
沪上阿姨鲜果茶（置地创新中心店）,高新区,0.0,4.1,奶茶/果汁,http://p0.meituan.net/w.h/biztone/1847347851_1637748790659.jpeg,31.8493,117.1332,10.2,1813274510,https://www.meituan.com/meishi/1813274510/
茶百道（漫乐城店）,徽州大道,15.0,3.7,奶茶/果汁,http://p0.meituan.net/w.h/biztone/b8df853928aacac04c8add55075cb030325791.jpg,31.8353,117.2865,6.66,1659367807,https://www.meituan.com/meishi/1659367807/
古茗（官亭路店）,之心城,15.0,4.7,奶茶/果汁,https://img.meituan.net/w.h/msmerchant/7d336a36b70f959926e14f892ab9bb9421909.png,31.8561,117.2562,15.0,1918537753,https://www.meituan.com/meishi/1918537753/
奶茶先生（托斯卡纳店）,肥东县,0.0,4.2,奶茶/果汁,http://p1.meituan.net/w.h/wmproduct/21ebcea03cbec79541f76085c50b3d30950017.png,31.8848,117.4482,0.0,1116078174,https://www.meituan.com/meishi/1116078174/
沪上阿姨鲜果茶（融侨里店）,蒙城北路,15.0,4.3,奶茶/果汁,http://p0.meituan.net/w.h/biztone/1847347851_1637748790659.jpeg,31.9188,117.2824,0.66,501264259,https://www.meituan.com/meishi/501264259/
沪上阿姨鲜果茶（幸福坝地铁站店）,肥西县,15.0,4.3,奶茶/果汁,http://p0.meituan.net/w.h/biztone/1847347851_1637748790659.jpeg,31.7519,117.1808,0.66,724889307,https://www.meituan.com/meishi/724889307/
MR·奶茶先生（岗集店）,长丰县,0.0,3.9,奶茶/果汁,http://p1.meituan.net/w.h/wmproduct/21ebcea03cbec79541f76085c50b3d30950017.png,31.946,117.1941,0.0,1735270353,https://www.meituan.com/meishi/1735270353/
沪上阿姨鲜果茶（庐江育才花园二店）,庐江县,15.0,4.6,奶茶/果汁,http://p0.meituan.net/w.h/biztone/1847347851_1637748790659.jpeg,31.2452,117.2897,0.66,150090078,https://www.meituan.com/meishi/150090078/
蜜雪冰城（尚泽大都会店）,经开区,7.0,3.6,冰淇淋,http://p1.meituan.net/w.h/biztone/2e5610e337d0a30c2ecf9cf00aa0f266162461.jpg,31.7714,117.2296,0.1,674535943,https://www.meituan.com/meishi/674535943/
TEA CROSS 交茶点（万象城店）,华润万象城,15.0,4.5,奶茶/果汁,http://p0.meituan.net/w.h/biztone/882987716_1634821586522.jpeg,31.7994,117.2306,1.5,882987716,https://www.meituan.com/meishi/882987716/
沪上阿姨鲜果茶（中建智立方店）,包河区,15.0,4.7,奶茶/果汁,http://p0.meituan.net/w.h/biztone/1847347851_1637748790659.jpeg,31.7767,117.3392,0.66,1353326570,https://www.meituan.com/meishi/1353326570/
贡茶（高新圣联店）,高新区,0.0,4.3,奶茶/果汁,http://p0.meituan.net/w.h/merchant/282c7f2de4fb82244bc6b8690dffd39c259881.jpg,31.8442,117.1351,6.6,658390402,https://www.meituan.com/meishi/658390402/
茶百道（官亭路店）,三里庵,15.0,3.7,奶茶/果汁,http://p0.meituan.net/w.h/biztone/b8df853928aacac04c8add55075cb030325791.jpg,31.856,117.256,6.66,1161674339,https://www.meituan.com/meishi/1161674339/
沪上阿姨鲜果茶（柏堰店）,百大奥莱,0.0,4.3,奶茶/果汁,http://p0.meituan.net/w.h/biztone/1847347851_1637748790659.jpeg,31.8074,117.1621,0.66,897887258,https://www.meituan.com/meishi/897887258/
CoCo都可（官亭二店）,之心城,13.0,4.5,奶茶/果汁,https://img.meituan.net/w.h/msmerchant/05784081b1ed0587e4ea65172a76ef7114438.jpg,31.8556,117.2562,5.0,160818170,https://www.meituan.com/meishi/160818170/
蜜雪冰城·冰淇淋与茶（融科城店）,港澳广场,7.0,4.4,奶茶/果汁,http://p1.meituan.net/w.h/biztone/2e5610e337d0a30c2ecf9cf00aa0f266162461.jpg,31.7933,117.205,0.1,1158353113,https://www.meituan.com/meishi/1158353113/
蜜雪冰城（融侨悦城店）,凤台路大润发,7.0,4.3,奶茶/果汁,http://p1.meituan.net/w.h/biztone/2e5610e337d0a30c2ecf9cf00aa0f266162461.jpg,31.9193,117.2832,0.1,965536619,https://www.meituan.com/meishi/965536619/
奶茶先生（龙塘店）,肥东县,0.0,3.5,奶茶/果汁,http://p1.meituan.net/w.h/wmproduct/772b877fce63e9ff800c28edc849f878116633.jpg,31.8368,117.4179,0.0,559608685,https://www.meituan.com/meishi/559608685/
CoCo都可（之心城6F店）,之心城,12.0,4.2,奶茶/果汁,https://img.meituan.net/w.h/msmerchant/05784081b1ed0587e4ea65172a76ef7114438.jpg,31.8542,117.257,5.0,1141964503,https://www.meituan.com/meishi/1141964503/
本宫的茶（弘阳广场店）,松芝万象城,11.0,4.6,奶茶/果汁,http://p0.meituan.net/w.h/biztone/1249503964_1619891578901.jpeg,31.8517,117.2373,0.1,1249503964,https://www.meituan.com/meishi/1249503964/
奶茶先生（彩虹新城店）,肥东县,0.0,4.0,奶茶/果汁,http://p1.meituan.net/w.h/wmproduct/21ebcea03cbec79541f76085c50b3d30950017.png,31.8781,117.4256,0.0,1400397596,https://www.meituan.com/meishi/1400397596/
CoCo都可（丽水路润宜家店）,庐阳区,13.0,3.6,奶茶/果汁,https://img.meituan.net/w.h/msmerchant/05784081b1ed0587e4ea65172a76ef7114438.jpg,31.9254,117.2668,38.0,1839696954,https://www.meituan.com/meishi/1839696954/
茶百道（肥西文达学院店）,肥西县,15.0,4.0,奶茶/果汁,http://p0.meituan.net/w.h/biztone/b8df853928aacac04c8add55075cb030325791.jpg,31.7427,117.0221,15.3,933682214,https://www.meituan.com/meishi/933682214/
CoCo都可（砂之船店）,高新区,12.0,4.5,奶茶/果汁,https://img.meituan.net/w.h/msmerchant/05784081b1ed0587e4ea65172a76ef7114438.jpg,31.8381,117.1172,5.0,827862813,https://www.meituan.com/meishi/827862813/
CoCo都可（高新区祥源城店）,高新区,13.0,4.3,奶茶/果汁,https://img.meituan.net/w.h/msmerchant/05784081b1ed0587e4ea65172a76ef7114438.jpg,31.8325,117.1297,5.0,192554064,https://www.meituan.com/meishi/192554064/
奈雪的茶（包河万达店）,万达广场,38.0,4.2,奶茶/果汁,https://img.meituan.net/w.h/msmerchant/9e20ca5e40c7718ac6bbbe3f0554a4ed99696.png,31.858,117.3031,15.0,193267846,https://www.meituan.com/meishi/193267846/
古茗（合肥高新银泰店）,高新区,15.0,4.1,奶茶/果汁,https://img.meituan.net/w.h/msmerchant/7d336a36b70f959926e14f892ab9bb9421909.png,31.8325,117.1321,13.0,1256021562,https://www.meituan.com/meishi/1256021562/
CoCo都可（世纪金源购物中心店）,滨湖世纪城,12.0,4.4,奶茶/果汁,https://img.meituan.net/w.h/msmerchant/05784081b1ed0587e4ea65172a76ef7114438.jpg,31.7425,117.2901,5.0,1852816514,https://www.meituan.com/meishi/1852816514/
卡旺卡（龙湖天街店）,龙岗路,15.0,4.5,奶茶/果汁,http://p1.meituan.net/w.h/bbia/76b550bd8d6cd0258b70fb5839637ca5144403.jpg,31.8675,117.391,0.0,761061384,https://www.meituan.com/meishi/761061384/
古茗（肥西水晶城店）,水晶城,15.0,4.8,奶茶/果汁,https://img.meituan.net/w.h/msmerchant/7d336a36b70f959926e14f892ab9bb9421909.png,31.7196,117.1703,13.0,1401014365,https://www.meituan.com/meishi/1401014365/
CoCo都可（滨湖融创茂3F店）,滨湖文化旅游城,12.0,4.2,奶茶/果汁,https://img.meituan.net/w.h/msmerchant/05784081b1ed0587e4ea65172a76ef7114438.jpg,31.7043,117.3038,5.0,192767239,https://www.meituan.com/meishi/192767239/
蜜雪冰城（文达店）,肥西县,7.0,4.1,奶茶/果汁,http://p1.meituan.net/w.h/biztone/2e5610e337d0a30c2ecf9cf00aa0f266162461.jpg,31.7427,117.0223,0.1,78912920,https://www.meituan.com/meishi/78912920/
古茗（文达学院店）,肥西县,15.0,4.7,奶茶/果汁,https://img.meituan.net/w.h/msmerchant/7d336a36b70f959926e14f892ab9bb9421909.png,31.7425,117.0223,13.0,163356072,https://www.meituan.com/meishi/163356072/
古茗（蜀山安大店）,蜀山区,15.0,4.8,奶茶/果汁,https://img.meituan.net/w.h/msmerchant/7d336a36b70f959926e14f892ab9bb9421909.png,31.7693,117.1796,13.0,1088411800,https://www.meituan.com/meishi/1088411800/
书亦烧仙草（瑶海万达店）,瑶海万达广场,13.0,4.7,奶茶/果汁,http://p1.meituan.net/w.h/biztone/c79bc3e943d7c670a5f2a20ff8815944323607.jpg,31.8762,117.3503,6.66,785456978,https://www.meituan.com/meishi/785456978/
卡旺卡（砂之船奥莱店）,高新区,19.0,4.5,奶茶/果汁,http://p1.meituan.net/w.h/bbia/76b550bd8d6cd0258b70fb5839637ca5144403.jpg,31.8377,117.1166,0.0,193275840,https://www.meituan.com/meishi/193275840/
CoCo都可（滨湖银泰店）,滨湖银泰城,13.0,4.3,奶茶/果汁,https://img.meituan.net/w.h/msmerchant/05784081b1ed0587e4ea65172a76ef7114438.jpg,31.7149,117.3009,5.0,1721000449,https://www.meituan.com/meishi/1721000449/
古茗（瑶海万达金街店）,瑶海万达广场,15.0,4.8,奶茶/果汁,https://img.meituan.net/w.h/msmerchant/7d336a36b70f959926e14f892ab9bb9421909.png,31.8773,117.3501,13.0,1832540351,https://www.meituan.com/meishi/1832540351/
奈雪的茶（之心城店）,之心城,39.0,4.4,奶茶/果汁,https://img.meituan.net/w.h/msmerchant/9e20ca5e40c7718ac6bbbe3f0554a4ed99696.png,31.8532,117.2577,15.0,193195740,https://www.meituan.com/meishi/193195740/
茶百道（瑶海龙湖天街店）,龙岗路,15.0,3.4,奶茶/果汁,http://p0.meituan.net/w.h/biztone/b8df853928aacac04c8add55075cb030325791.jpg,31.868,117.3902,6.66,1079265542,https://www.meituan.com/meishi/1079265542/
卡旺卡（之心城店）,之心城,18.0,4.8,奶茶/果汁,http://p1.meituan.net/w.h/bbia/76b550bd8d6cd0258b70fb5839637ca5144403.jpg,31.8536,117.257,0.0,2636210,https://www.meituan.com/meishi/2636210/
茶百道（黉街店）,磨店,15.0,4.8,奶茶/果汁,http://p0.meituan.net/w.h/biztone/b8df853928aacac04c8add55075cb030325791.jpg,31.9345,117.3893,6.66,1034839147,https://www.meituan.com/meishi/1034839147/
书亦烧仙草（肥西名邦广场店）,名邦广场,15.0,4.5,奶茶/果汁,http://p1.meituan.net/w.h/biztone/c79bc3e943d7c670a5f2a20ff8815944323607.jpg,31.7124,117.1546,6.66,1932665596,https://www.meituan.com/meishi/1932665596/
CoCo都可（高新银泰店）,高新区,13.0,4.2,奶茶/果汁,https://img.meituan.net/w.h/msmerchant/05784081b1ed0587e4ea65172a76ef7114438.jpg,31.8318,117.1278,5.0,714520395,https://www.meituan.com/meishi/714520395/
CoCo都可（三河古镇店）,三河古镇,13.0,4.2,奶茶/果汁,https://img.meituan.net/w.h/msmerchant/05784081b1ed0587e4ea65172a76ef7114438.jpg,31.5105,117.2444,9.0,194297792,https://www.meituan.com/meishi/194297792/
CoCo都可（安德利店）,军二路,13.0,4.6,奶茶/果汁,https://img.meituan.net/w.h/msmerchant/05784081b1ed0587e4ea65172a76ef7114438.jpg,31.2612,117.2704,5.0,187236492,https://www.meituan.com/meishi/187236492/
书亦烧仙草（绿地新都汇店）,肥西县,15.0,4.3,奶茶/果汁,http://p1.meituan.net/w.h/biztone/c79bc3e943d7c670a5f2a20ff8815944323607.jpg,31.74,117.1806,6.66,530380435,https://www.meituan.com/meishi/530380435/
CoCo都可（宝业东城广场店）,宝业东城广场,12.0,4.4,奶茶/果汁,https://img.meituan.net/w.h/msmerchant/05784081b1ed0587e4ea65172a76ef7114438.jpg,31.8707,117.3374,5.0,96992055,https://www.meituan.com/meishi/96992055/
CoCo都可（北城世纪金源店）,世纪金源,12.0,4.6,奶茶/果汁,https://img.meituan.net/w.h/msmerchant/05784081b1ed0587e4ea65172a76ef7114438.jpg,32.0047,117.2466,5.0,150026314,https://www.meituan.com/meishi/150026314/
书亦烧仙草（银泰百货店）,高新区,13.0,4.2,奶茶/果汁,http://p0.meituan.net/w.h/biztone/943372670_1637111305943.jpeg,31.8316,117.133,6.66,1239732866,https://www.meituan.com/meishi/1239732866/
茶百道（融创茂店）,滨湖文化旅游城,15.0,4.0,奶茶/果汁,http://p0.meituan.net/w.h/biztone/b8df853928aacac04c8add55075cb030325791.jpg,31.703,117.3037,6.66,686604177,https://www.meituan.com/meishi/686604177/
CoCo都可（龙湖天街店）,龙岗路,12.0,4.1,奶茶/果汁,https://img.meituan.net/w.h/msmerchant/05784081b1ed0587e4ea65172a76ef7114438.jpg,31.8677,117.3909,5.0,1911216842,https://www.meituan.com/meishi/1911216842/
CoCo都可（四里河万科广场店）,四里河,13.0,4.5,奶茶/果汁,https://img.meituan.net/w.h/msmerchant/05784081b1ed0587e4ea65172a76ef7114438.jpg,31.8921,117.2345,5.0,192563261,https://www.meituan.com/meishi/192563261/
古茗（合肥学院店）,经开区,15.0,4.5,奶茶/果汁,https://img.meituan.net/w.h/msmerchant/7d336a36b70f959926e14f892ab9bb9421909.png,31.7551,117.2518,13.0,177779772,https://www.meituan.com/meishi/177779772/
CoCo都可（正大广场店）,明珠广场,12.0,4.4,奶茶/果汁,https://img.meituan.net/w.h/msmerchant/05784081b1ed0587e4ea65172a76ef7114438.jpg,31.7815,117.2286,5.0,194297288,https://www.meituan.com/meishi/194297288/
CoCo都可（北城万达店）,长丰县,12.0,4.5,奶茶/果汁,https://img.meituan.net/w.h/msmerchant/05784081b1ed0587e4ea65172a76ef7114438.jpg,31.9706,117.263,5.0,1509748125,https://www.meituan.com/meishi/1509748125/
CoCo都可（潜山路万象城店）,奥体中心,13.0,4.4,奶茶/果汁,https://img.meituan.net/w.h/msmerchant/05784081b1ed0587e4ea65172a76ef7114438.jpg,31.7991,117.2298,5.0,1278519467,https://www.meituan.com/meishi/1278519467/
茶百道（合肥滨湖方圆荟店）,滨湖世纪城,15.0,4.2,奶茶/果汁,http://p0.meituan.net/w.h/biztone/b8df853928aacac04c8add55075cb030325791.jpg,31.7448,117.2886,6.66,1059434371,https://www.meituan.com/meishi/1059434371/
茶百道（高新银泰店）,高新区,15.0,3.6,奶茶/果汁,http://p0.meituan.net/w.h/biztone/b8df853928aacac04c8add55075cb030325791.jpg,31.8328,117.1324,6.66,682214201,https://www.meituan.com/meishi/682214201/
CoCo都可（奥园城市天地店）,乐客来,13.0,4.3,奶茶/果汁,https://img.meituan.net/w.h/msmerchant/05784081b1ed0587e4ea65172a76ef7114438.jpg,31.8523,117.1678,5.0,194937944,https://www.meituan.com/meishi/194937944/
古茗（磨店美食街店）,磨店,15.0,4.1,奶茶/果汁,https://img.meituan.net/w.h/msmerchant/7d336a36b70f959926e14f892ab9bb9421909.png,31.9394,117.3824,13.0,165685924,https://www.meituan.com/meishi/165685924/
CoCo都可（天鹅湖万达店）,天鹅湖万达广场,13.0,4.3,奶茶/果汁,https://img.meituan.net/w.h/msmerchant/05784081b1ed0587e4ea65172a76ef7114438.jpg,31.8208,117.2216,5.0,1489003337,https://www.meituan.com/meishi/1489003337/
CoCo都可（保利东郡店）,龙岗路,12.0,4.8,奶茶/果汁,https://img.meituan.net/w.h/msmerchant/05784081b1ed0587e4ea65172a76ef7114438.jpg,31.8589,117.3588,5.0,189271076,https://www.meituan.com/meishi/189271076/
卡旺卡（合肥高新银泰一楼店）,高新区,0.0,4.3,奶茶/果汁,http://p0.meituan.net/w.h/wmproduct/9dae06873a407de36deb7605e1ba6f6f626796.jpg,31.8312,117.1332,0.0,1993703641,https://www.meituan.com/meishi/1993703641/
茶百道（弘阳广场店）,松芝万象城,15.0,4.0,奶茶/果汁,http://p0.meituan.net/w.h/biztone/b8df853928aacac04c8add55075cb030325791.jpg,31.8522,117.2366,6.66,933250139,https://www.meituan.com/meishi/933250139/
CoCo都可（加侨广场店）,加侨广场,12.0,4.2,奶茶/果汁,https://img.meituan.net/w.h/msmerchant/05784081b1ed0587e4ea65172a76ef7114438.jpg,31.8153,117.3019,5.0,163281581,https://www.meituan.com/meishi/163281581/
CoCo都可（银泰城店）,天鹅湖万达广场,12.0,4.7,奶茶/果汁,https://img.meituan.net/w.h/msmerchant/05784081b1ed0587e4ea65172a76ef7114438.jpg,31.8172,117.2334,5.0,1699987945,https://www.meituan.com/meishi/1699987945/
茶百道（正大广场店）,明珠广场,15.0,4.0,奶茶/果汁,http://p0.meituan.net/w.h/biztone/1844271393_1636098027729.jpeg,31.7815,117.2294,6.66,1186595909,https://www.meituan.com/meishi/1186595909/
茶百道（尚泽大都会店）,经开区,15.0,4.1,奶茶/果汁,http://p0.meituan.net/w.h/biztone/b8df853928aacac04c8add55075cb030325791.jpg,31.7715,117.2298,6.66,1582779976,https://www.meituan.com/meishi/1582779976/
茶百道（庐江文昌路店）,庐江县,15.0,4.0,奶茶/果汁,http://p0.meituan.net/w.h/biztone/1844271393_1636098027729.jpeg,31.2455,117.2897,6.66,1860035566,https://www.meituan.com/meishi/1860035566/
CoCo都可（万象汇店）,橡树湾,12.0,4.2,奶茶/果汁,https://img.meituan.net/w.h/msmerchant/05784081b1ed0587e4ea65172a76ef7114438.jpg,31.8871,117.2584,5.0,1091854126,https://www.meituan.com/meishi/1091854126/
茶百道（瑶海万达店）,瑶海万达广场,15.0,4.1,奶茶/果汁,https://img.meituan.net/w.h/msmerchant/8ce29a35d31b3747b32039f33d22cd4b290915.jpg,31.8775,117.35,6.66,1871020035,https://www.meituan.com/meishi/1871020035/
茶百道（天鹅湖万达店）,天鹅湖万达广场,15.0,3.9,奶茶/果汁,https://img.meituan.net/w.h/msmerchant/8ce29a35d31b3747b32039f33d22cd4b290915.jpg,31.8211,117.2214,6.66,1622065159,https://www.meituan.com/meishi/1622065159/
古茗（万尚城店）,安德利购物中心,15.0,4.9,奶茶/果汁,https://img.meituan.net/w.h/msmerchant/7d336a36b70f959926e14f892ab9bb9421909.png,31.5983,117.8687,13.0,1120981688,https://www.meituan.com/meishi/1120981688/
蜜雪冰城（水湖公园店）,长丰中汽客运站,7.0,4.5,奶茶/果汁,http://p1.meituan.net/w.h/biztone/2e5610e337d0a30c2ecf9cf00aa0f266162461.jpg,32.475,117.1647,0.1,194788835,https://www.meituan.com/meishi/194788835/
1点点（百草街店）,高新区,0.0,4.1,奶茶/果汁,http://p0.meituan.net/w.h/biztone/a370c5bd2898d1a23e2f00f373bdbbfa187020.jpg,31.8481,117.1408,0.0,687239868,https://www.meituan.com/meishi/687239868/
CoCo都可（包河万达店）,万达广场,12.0,4.4,奶茶/果汁,https://img.meituan.net/w.h/msmerchant/05784081b1ed0587e4ea65172a76ef7114438.jpg,31.8562,117.303,8.15,1429332,https://www.meituan.com/meishi/1429332/
CoCo都可（长江西路华联店）,长江西路华联,13.0,4.5,奶茶/果汁,https://img.meituan.net/w.h/msmerchant/05784081b1ed0587e4ea65172a76ef7114438.jpg,31.8545,117.2218,5.0,96810720,https://www.meituan.com/meishi/96810720/
沪上阿姨鲜果茶（庐江世纪金源店）,文明商城,15.0,4.4,奶茶/果汁,http://p0.meituan.net/w.h/biztone/1847347851_1637748790659.jpeg,31.2436,117.2923,0.66,698576040,https://www.meituan.com/meishi/698576040/
茶百道（合肥万科广场店）,万科森林公园,15.0,3.5,奶茶/果汁,http://p0.meituan.net/w.h/biztone/b8df853928aacac04c8add55075cb030325791.jpg,31.8922,117.2342,6.66,906759303,https://www.meituan.com/meishi/906759303/
CoCo都可（瑶海万达三楼店）,瑶海万达广场,13.0,4.2,奶茶/果汁,https://img.meituan.net/w.h/msmerchant/05784081b1ed0587e4ea65172a76ef7114438.jpg,31.8769,117.3497,5.0,157817614,https://www.meituan.com/meishi/157817614/
CoCo都可（吾悦广场店）,龙泉路,13.0,4.4,奶茶/果汁,https://img.meituan.net/w.h/msmerchant/05784081b1ed0587e4ea65172a76ef7114438.jpg,31.872,117.4578,5.0,194273419,https://www.meituan.com/meishi/194273419/
CoCo都可（肥西水晶城店）,水晶城,12.0,4.4,奶茶/果汁,https://img.meituan.net/w.h/msmerchant/05784081b1ed0587e4ea65172a76ef7114438.jpg,31.7194,117.1702,5.0,42879262,https://www.meituan.com/meishi/42879262/
沪上阿姨鲜果茶（瑶海万达金街店）,瑶海万达广场,15.0,4.3,奶茶/果汁,http://p0.meituan.net/w.h/biztone/1847347851_1637748790659.jpeg,31.8771,117.3503,0.66,1167603822,https://www.meituan.com/meishi/1167603822/
R&B珍奶（兴旺路店）,北城世纪城,13.0,4.4,奶茶/果汁,https://img.meituan.net/w.h/msmerchant/72cef4e2bb6e392d0eddc26735489c9b31558.jpg,32.0056,117.2443,7.5,1498647136,https://www.meituan.com/meishi/1498647136/
沪上阿姨鲜果茶（磨店美食街店）,磨店,15.0,4.6,奶茶/果汁,http://p0.meituan.net/w.h/biztone/1847347851_1637748790659.jpeg,31.9387,117.3814,0.66,1455321908,https://www.meituan.com/meishi/1455321908/
蜜雪冰城（幸福坝地铁站店）,肥西县,7.0,4.7,奶茶/果汁,http://p1.meituan.net/w.h/biztone/2e5610e337d0a30c2ecf9cf00aa0f266162461.jpg,31.7511,117.1818,0.1,1895671513,https://www.meituan.com/meishi/1895671513/
春莱·老挝冰咖啡·泰式奶茶（大学城店）,大学城,20.0,4.5,奶茶/果汁,http://p0.meituan.net/w.h/merchant/11ff02daa5b06e0172b82bd24966047e64642.png,31.7755,117.2075,8.9,556365080,https://www.meituan.com/meishi/556365080/
奶茶先生（名邦店）,名邦广场,7.0,3.8,奶茶/果汁,http://p0.meituan.net/w.h/merchant/bd06a41562f1e0c7befa48ea0577d1b9105589.jpg,31.7131,117.1542,6.9,673386439,https://www.meituan.com/meishi/673386439/
奶茶先生（琥珀名城店）,龙岗路,0.0,3.9,奶茶/果汁,http://p1.meituan.net/w.h/wmproduct/772b877fce63e9ff800c28edc849f878116633.jpg,31.8692,117.3799,0.0,1338538458,https://www.meituan.com/meishi/1338538458/
甜啦啦（华润苏果店）,苏果超市,13.0,3.9,奶茶/果汁,http://p0.meituan.net/w.h/biztone/429d5a765abe8471d369152100f46494140295.jpg,31.3325,117.0945,0.1,501573072,https://www.meituan.com/meishi/501573072/
春莱·老挝冰咖啡·泰式奶茶（华府骏苑店）,南七里站,0.0,4.0,奶茶/果汁,http://p0.meituan.net/w.h/deal/eb45a14effcff8be8bdcaa5ed0ac392a2260247.png,31.8311,117.2358,8.9,1465167083,https://www.meituan.com/meishi/1465167083/
甜啦啦·鲜果奶茶（包河花园店）,包河花园,13.0,4.5,传统甜品,http://p0.meituan.net/w.h/biztone/429d5a765abe8471d369152100f46494140295.jpg,31.7974,117.3331,0.1,522014292,https://www.meituan.com/meishi/522014292/
熊姬手作茶物（万科广场店）,万科森林公园,16.0,4.7,饮品店,http://p0.meituan.net/w.h/merchant/143370b19d5e865f6f2709cfcb71d117150264.jpg,31.8922,117.2341,10.8,1629618727,https://www.meituan.com/meishi/1629618727/
蔻茶（宝业东城广场店）,宝业东城广场,9.0,4.6,奶茶/果汁,http://p1.meituan.net/w.h/merchant/0185918d86b996baa3a5f9e8209506e625749.jpg,31.871,117.3373,5.9,1151805163,https://www.meituan.com/meishi/1151805163/
甜啦啦·奶茶冰淇淋（皇家花园店）,蒙城北路,14.0,4.5,奶茶/果汁,http://p0.meituan.net/w.h/biztone/429d5a765abe8471d369152100f46494140295.jpg,31.9246,117.2674,0.1,959990506,https://www.meituan.com/meishi/959990506/
奶茶先生（圣地雅阁店）,龙岗路,0.0,3.8,奶茶/果汁,http://p1.meituan.net/w.h/wmproduct/21ebcea03cbec79541f76085c50b3d30950017.png,31.8747,117.3901,0.0,1036574867,https://www.meituan.com/meishi/1036574867/
奶茶先生（金鸣街店）,水晶城,9.0,3.7,奶茶/果汁,http://p0.meituan.net/w.h/merchant/bd06a41562f1e0c7befa48ea0577d1b9105589.jpg,31.7201,117.1652,6.9,169490058,https://www.meituan.com/meishi/169490058/
暖吾里·老挝冰咖啡·泰式奶茶（合工大店）,宣城路,12.0,4.8,奶茶/果汁,http://p0.meituan.net/w.h/merchant/2e5e84076b1d93d619b0b4ed95cceebe10182784.png,31.8484,117.2952,6.0,789338821,https://www.meituan.com/meishi/789338821/
天然呆（弘阳广场店）,松芝万象城,14.0,4.2,奶茶/果汁,http://p0.meituan.net/w.h/biztone/1878994829_1636337532141.jpeg,31.8521,117.2374,9.9,1402993358,https://www.meituan.com/meishi/1402993358/
奶茶先生（枞阳路店）,瑶海区,0.0,4.1,奶茶/果汁,http://p1.meituan.net/w.h/wmproduct/21ebcea03cbec79541f76085c50b3d30950017.png,31.8453,117.3449,0.0,1152378122,https://www.meituan.com/meishi/1152378122/
沪上阿姨鲜果茶（白马店）,火车站/胜利广场,15.0,4.1,奶茶/果汁,http://p0.meituan.net/w.h/biztone/1847347851_1637748790659.jpeg,31.8834,117.314,0.66,1299583081,https://www.meituan.com/meishi/1299583081/
天然呆（步行街店）,淮河路步行街,12.0,4.2,奶茶/果汁,http://p0.meituan.net/w.h/biztone/1878994829_1636337532141.jpeg,31.864,117.2986,5.9,1907050597,https://www.meituan.com/meishi/1907050597/
奶茶先生（黄麓店）,巢湖,0.0,3.9,奶茶/果汁,http://p1.meituan.net/w.h/wmproduct/21ebcea03cbec79541f76085c50b3d30950017.png,31.6223,117.5825,0.0,748202642,https://www.meituan.com/meishi/748202642/
禧鹿YOYO·奶茶烘焙（华府骏苑店）,大唐国际乐购,11.0,4.5,奶茶/果汁,http://p0.meituan.net/w.h/merchant/b01cded8359bdcc3304ed5dc290102f852456.jpg,31.8305,117.2348,4.9,1298914759,https://www.meituan.com/meishi/1298914759/
蜜雪冰城（官亭路店）,之心城,7.0,4.7,奶茶/果汁,http://p1.meituan.net/w.h/biztone/2e5610e337d0a30c2ecf9cf00aa0f266162461.jpg,31.8553,117.2564,0.1,4032340,https://www.meituan.com/meishi/4032340/
檬小奇奶茶（校园店）,经开区,8.0,4.6,奶茶/果汁,http://p1.meituan.net/w.h/xianfu/5b68e5417c6b1e61e5f8acab1e78748d374290.jpg,31.7692,117.1795,0.0,6716064,https://www.meituan.com/meishi/6716064/
琉璃鲸奶茶,北城世纪城,6.0,3.9,奶茶/果汁,https://img.meituan.net/w.h/msmerchant/feecc5756ce62ef1e1c4db6b0b7670b5260795.jpg,32.0045,117.2454,3.9,194786665,https://www.meituan.com/meishi/194786665/
CoCo都可（武里山天街店）,武里山天街,12.0,4.4,奶茶/果汁,https://img.meituan.net/w.h/msmerchant/05784081b1ed0587e4ea65172a76ef7114438.jpg,31.8988,117.3202,5.0,157750630,https://www.meituan.com/meishi/157750630/
蜜雪冰城（北城万达店）,长丰县,7.0,4.3,奶茶/果汁,http://p1.meituan.net/w.h/biztone/2e5610e337d0a30c2ecf9cf00aa0f266162461.jpg,31.9704,117.263,0.1,1696931833,https://www.meituan.com/meishi/1696931833/
茶百道（女人街店）,三孝口/女人街,15.0,4.2,奶茶/果汁,http://p0.meituan.net/w.h/biztone/b8df853928aacac04c8add55075cb030325791.jpg,31.8593,117.2759,6.66,1584666094,https://www.meituan.com/meishi/1584666094/
甜啦啦（新站广场万街店）,新站区,13.0,4.1,奶茶/果汁,http://p0.meituan.net/w.h/biztone/429d5a765abe8471d369152100f46494140295.jpg,31.9393,117.3289,0.1,837128187,https://www.meituan.com/meishi/837128187/
夏芝雪（紫蓬山文达店）,肥西县,10.0,4.6,奶茶/果汁,http://p0.meituan.net/w.h/biztone/c86a6be052b6c96e38c9f8acb20676bb154698.jpg,31.7423,117.0222,7.9,1058058829,https://www.meituan.com/meishi/1058058829/
沪上阿姨鲜果茶（摩尔广场店）,蜀山区,0.0,4.2,奶茶/果汁,http://p0.meituan.net/w.h/biztone/1847347851_1637748790659.jpeg,31.8454,117.2465,0.66,1574173054,https://www.meituan.com/meishi/1574173054/
古茗（蜀山海恒步行街店）,经开区,15.0,4.9,奶茶/果汁,https://img.meituan.net/w.h/msmerchant/7d336a36b70f959926e14f892ab9bb9421909.png,31.7779,117.2593,13.0,1284363267,https://www.meituan.com/meishi/1284363267/
一只酸奶牛（砂之船店）,高新区,14.0,4.3,奶茶/果汁,http://p0.meituan.net/w.h/biztone/5138c422b33fa9708403c48fd8d74341153146.jpg,31.8373,117.1168,8.8,1665401584,https://www.meituan.com/meishi/1665401584/
卡旺卡（天鹅湖万达店）,天鹅湖万达广场,16.0,4.5,奶茶/果汁,http://p1.meituan.net/w.h/bbia/76b550bd8d6cd0258b70fb5839637ca5144403.jpg,31.8191,117.2216,0.0,50539513,https://www.meituan.com/meishi/50539513/
茶百道（高速时代广场店）,高速滨湖时代广场,15.0,4.3,奶茶/果汁,http://p0.meituan.net/w.h/biztone/b8df853928aacac04c8add55075cb030325791.jpg,31.7223,117.2813,6.66,1914681071,https://www.meituan.com/meishi/1914681071/
书亦烧仙草（中环城店）,中环城,13.0,4.7,奶茶/果汁,http://p0.meituan.net/w.h/biztone/943372670_1637111305943.jpeg,31.7807,117.2083,6.66,1322270997,https://www.meituan.com/meishi/1322270997/
书亦烧仙草 （国购广场店）,国购广场,12.0,4.3,奶茶/果汁,http://p0.meituan.net/w.h/biztone/943372670_1637111305943.jpeg,31.8533,117.2563,6.66,841910115,https://www.meituan.com/meishi/841910115/
CoCo都可（铜陵北路乐购店）,家天下生活广场,13.0,4.5,奶茶/果汁,https://img.meituan.net/w.h/msmerchant/05784081b1ed0587e4ea65172a76ef7114438.jpg,31.8948,117.3261,5.0,89288227,https://www.meituan.com/meishi/89288227/
蜜雪冰城（大铺头店）,高新区,7.0,4.8,奶茶/果汁,http://p1.meituan.net/w.h/biztone/2e5610e337d0a30c2ecf9cf00aa0f266162461.jpg,31.8541,117.1867,0.1,1736447965,https://www.meituan.com/meishi/1736447965/
沪上阿姨鲜果茶（水晶城店）,水晶城,15.0,4.2,奶茶/果汁,http://p0.meituan.net/w.h/biztone/1847347851_1637748790659.jpeg,31.7193,117.1699,0.66,1385474120,https://www.meituan.com/meishi/1385474120/
茶百道（科学大道店）,十里庙,15.0,4.1,奶茶/果汁,http://p0.meituan.net/w.h/biztone/b8df853928aacac04c8add55075cb030325791.jpg,31.8573,117.2074,6.66,1877230824,https://www.meituan.com/meishi/1877230824/
蜜雪冰城（北城店）,世纪金源,6.0,3.7,奶茶/果汁,http://p1.meituan.net/w.h/biztone/2e5610e337d0a30c2ecf9cf00aa0f266162461.jpg,32.0042,117.2472,0.1,1047001073,https://www.meituan.com/meishi/1047001073/
CoCo都可（方圆荟5F店）,文明商城,13.0,4.6,奶茶/果汁,https://img.meituan.net/w.h/msmerchant/05784081b1ed0587e4ea65172a76ef7114438.jpg,31.2446,117.293,5.0,1771032926,https://www.meituan.com/meishi/1771032926/
天然呆（国购广场店）,国购广场,18.0,4.3,奶茶/果汁,http://p0.meituan.net/w.h/biztone/1878994829_1636337532141.jpeg,31.8533,117.2563,5.9,1196194322,https://www.meituan.com/meishi/1196194322/
卡旺卡（1912店）,1912街区,18.0,4.3,奶茶/果汁,http://p1.meituan.net/w.h/bbia/76b550bd8d6cd0258b70fb5839637ca5144403.jpg,31.8416,117.2211,0.0,926830569,https://www.meituan.com/meishi/926830569/
遇苋烧仙草（包河环球新都会店）,新都会家乐福,6.0,4.8,奶茶/果汁,http://p0.meituan.net/w.h/merchant/9f76407f8659abdbc42c44d3c7d283c946841.jpg,31.8478,117.3019,4.2,1444882719,https://www.meituan.com/meishi/1444882719/
奈雪的茶（万象城店）,奥体中心,38.0,4.3,奶茶/果汁,https://img.meituan.net/w.h/msmerchant/9e20ca5e40c7718ac6bbbe3f0554a4ed99696.png,31.7993,117.2309,15.0,187618047,https://www.meituan.com/meishi/187618047/
沪上阿姨鲜果茶（合肥建筑大学南校区店）,经开区,15.0,4.6,奶茶/果汁,http://p0.meituan.net/w.h/biztone/1847347851_1637748790659.jpeg,31.747,117.2272,0.66,686663167,https://www.meituan.com/meishi/686663167/
蜜雪冰城（海恒步行街店）,经开区,6.0,3.8,冰淇淋,http://p1.meituan.net/w.h/biztone/2e5610e337d0a30c2ecf9cf00aa0f266162461.jpg,31.7778,117.259,0.1,1852505825,https://www.meituan.com/meishi/1852505825/
古茗（吾悦金街店）,龙泉路,15.0,4.6,奶茶/果汁,https://img.meituan.net/w.h/msmerchant/7d336a36b70f959926e14f892ab9bb9421909.png,31.872,117.4584,13.0,1359729179,https://www.meituan.com/meishi/1359729179/
茶百道（新都会环球店）,新都会家乐福,15.0,4.5,奶茶/果汁,http://p0.meituan.net/w.h/biztone/b8df853928aacac04c8add55075cb030325791.jpg,31.847,117.3012,6.66,1349698807,https://www.meituan.com/meishi/1349698807/
CoCo都可（港澳广店）,中环城,13.0,3.8,奶茶/果汁,https://img.meituan.net/w.h/msmerchant/05784081b1ed0587e4ea65172a76ef7114438.jpg,31.7911,117.209,5.0,1599084765,https://www.meituan.com/meishi/1599084765/
甜啦啦（六十二中店）,百大奥莱,13.0,4.9,奶茶/果汁,http://p0.meituan.net/w.h/biztone/429d5a765abe8471d369152100f46494140295.jpg,31.8074,117.1619,0.1,782897412,https://www.meituan.com/meishi/782897412/
沪上阿姨鲜果茶（尚泽大都会店）,经开区,15.0,4.4,奶茶/果汁,http://p0.meituan.net/w.h/biztone/1847347851_1637748790659.jpeg,31.7724,117.2306,0.66,766799972,https://www.meituan.com/meishi/766799972/
CoCo都可（蜀山电子产业园店）,高新区,13.0,4.3,奶茶/果汁,https://img.meituan.net/w.h/msmerchant/05784081b1ed0587e4ea65172a76ef7114438.jpg,31.8662,117.1522,5.0,1522211569,https://www.meituan.com/meishi/1522211569/
沪上阿姨鲜果茶（包河花园店）,包河花园,0.0,3.8,奶茶/果汁,http://p0.meituan.net/w.h/biztone/1847347851_1637748790659.jpeg,31.7974,117.3351,0.66,805767899,https://www.meituan.com/meishi/805767899/
CoCo都可（百乐门店）,经开区,13.0,4.4,奶茶/果汁,https://img.meituan.net/w.h/msmerchant/05784081b1ed0587e4ea65172a76ef7114438.jpg,31.7756,117.2284,5.0,1699558118,https://www.meituan.com/meishi/1699558118/
CoCo都可（保利茂B1店）,新地中心,13.0,3.7,奶茶/果汁,https://img.meituan.net/w.h/msmerchant/05784081b1ed0587e4ea65172a76ef7114438.jpg,31.8074,117.2311,5.0,1446744544,https://www.meituan.com/meishi/1446744544/
卡旺卡（瑶海万达广场店）,瑶海万达广场,16.0,4.7,奶茶/果汁,http://p1.meituan.net/w.h/bbia/76b550bd8d6cd0258b70fb5839637ca5144403.jpg,31.8781,117.3489,0.0,111123931,https://www.meituan.com/meishi/111123931/
蜜雪冰城（天门路店）,经开区,7.0,4.1,奶茶/果汁,http://p1.meituan.net/w.h/biztone/2e5610e337d0a30c2ecf9cf00aa0f266162461.jpg,31.7455,117.2281,0.1,107079658,https://www.meituan.com/meishi/107079658/
卡旺卡（信达邻里坊店）,包河区,21.0,4.3,奶茶/果汁,http://p1.meituan.net/w.h/bbia/76b550bd8d6cd0258b70fb5839637ca5144403.jpg,31.8047,117.2634,0.0,1464092570,https://www.meituan.com/meishi/1464092570/
CoCo都可（润宜家店）,经开区,13.0,4.7,奶茶/果汁,https://img.meituan.net/w.h/msmerchant/05784081b1ed0587e4ea65172a76ef7114438.jpg,31.7543,117.2601,5.0,1244676131,https://www.meituan.com/meishi/1244676131/
沪上阿姨鲜果茶（学院店）,经开区,14.0,4.3,奶茶/果汁,http://p0.meituan.net/w.h/biztone/1847347851_1637748790659.jpeg,31.7543,117.2521,0.66,1014185571,https://www.meituan.com/meishi/1014185571/
沪上阿姨鲜果茶（阜阳北路大润发店）,凤台路大润发,15.0,3.7,奶茶/果汁,http://p0.meituan.net/w.h/biztone/1847347851_1637748790659.jpeg,31.8949,117.285,0.66,1589942379,https://www.meituan.com/meishi/1589942379/
伏小桃（蜀山高新银泰百货店）,高新区,0.0,3.7,奶茶/果汁,http://p0.meituan.net/w.h/biztone/1718577056_1632303185687.jpeg,31.8311,117.1331,0.0,951215149,https://www.meituan.com/meishi/951215149/
卡旺卡（漫乐城店）,徽州大道,18.0,4.4,奶茶/果汁,http://p1.meituan.net/w.h/bbia/76b550bd8d6cd0258b70fb5839637ca5144403.jpg,31.8348,117.2861,0.0,165401198,https://www.meituan.com/meishi/165401198/
甜啦啦（熙云府店）,新站区,13.0,4.5,奶茶/果汁,http://p0.meituan.net/w.h/biztone/429d5a765abe8471d369152100f46494140295.jpg,31.9217,117.3036,0.1,1179638478,https://www.meituan.com/meishi/1179638478/
甜啦啦（包河苑商业街店）,包河苑,12.0,4.7,面包甜点,http://p0.meituan.net/w.h/biztone/429d5a765abe8471d369152100f46494140295.jpg,31.797,117.3196,0.1,987396746,https://www.meituan.com/meishi/987396746/
CoCo都可（欢乐颂二店）,亳州路,12.0,4.5,奶茶/果汁,https://img.meituan.net/w.h/msmerchant/05784081b1ed0587e4ea65172a76ef7114438.jpg,31.8769,117.2613,8.15,42543953,https://www.meituan.com/meishi/42543953/
R&B珍奶（家天下生活广场店）,家天下生活广场,12.0,4.8,奶茶/果汁,http://p0.meituan.net/w.h/biztone/a0d2b3af2ce229fb815d10f9839b0f82343914.jpg,31.8964,117.3251,7.9,193494550,https://www.meituan.com/meishi/193494550/
CoCo都可（明光路店）,长江东路,13.0,4.7,奶茶/果汁,https://img.meituan.net/w.h/msmerchant/05784081b1ed0587e4ea65172a76ef7114438.jpg,31.8653,117.3061,8.15,41168632,https://www.meituan.com/meishi/41168632/
蜜雪冰城（步行街海鲜一条街店）,宿州路,7.0,4.4,冰淇淋,http://p1.meituan.net/w.h/biztone/2e5610e337d0a30c2ecf9cf00aa0f266162461.jpg,31.8634,117.2892,0.1,1754653474,https://www.meituan.com/meishi/1754653474/
茶百道（港澳广场店）,港澳广场,16.0,4.4,奶茶/果汁,http://p0.meituan.net/w.h/biztone/b8df853928aacac04c8add55075cb030325791.jpg,31.7911,117.2079,6.66,1571402903,https://www.meituan.com/meishi/1571402903/
卡旺卡（黉街店）,磨店,16.0,4.2,奶茶/果汁,http://p1.meituan.net/w.h/bbia/76b550bd8d6cd0258b70fb5839637ca5144403.jpg,31.9328,117.3897,0.0,164655011,https://www.meituan.com/meishi/164655011/
R&B珍奶（陶冲湖店）,新站区,13.0,4.1,奶茶/果汁,http://p1.meituan.net/w.h/biztone/b614d0169e926efbc081fe786d54cbda212861.jpg,31.9353,117.3421,0.1,1840913305,https://www.meituan.com/meishi/1840913305/
蜜雪冰城（滨湖时代广场店）,高速滨湖时代广场,8.0,4.6,奶茶/果汁,http://p0.meituan.net/w.h/deal/5fa80c5ab4ca3b56e7c368bf397e31239662.jpg,31.7217,117.2833,0.1,1355836779,https://www.meituan.com/meishi/1355836779/
沪上阿姨鲜果茶（龙河路店）,蜀山区,15.0,4.2,奶茶/果汁,http://p0.meituan.net/w.h/biztone/1847347851_1637748790659.jpeg,31.8486,117.2577,0.66,1297881497,https://www.meituan.com/meishi/1297881497/
CoCo都可（青阳路店）,青阳路,13.0,4.4,奶茶/果汁,https://img.meituan.net/w.h/msmerchant/05784081b1ed0587e4ea65172a76ef7114438.jpg,31.8485,117.2417,5.0,776648827,https://www.meituan.com/meishi/776648827/
卡旺卡（电子产业园店）,高新区,16.0,4.3,奶茶/果汁,http://p1.meituan.net/w.h/bbia/76b550bd8d6cd0258b70fb5839637ca5144403.jpg,31.8669,117.1512,0.0,194155683,https://www.meituan.com/meishi/194155683/
CoCo都可（百大心悦城店）,高速时代城,13.0,4.4,奶茶/果汁,https://img.meituan.net/w.h/msmerchant/05784081b1ed0587e4ea65172a76ef7114438.jpg,31.7413,117.3183,5.0,1202883694,https://www.meituan.com/meishi/1202883694/
蜜雪冰城（万派城店）,万派广场,7.0,4.7,冰淇淋,http://p1.meituan.net/w.h/biztone/2e5610e337d0a30c2ecf9cf00aa0f266162461.jpg,31.7262,117.1628,0.1,853576047,https://www.meituan.com/meishi/853576047/
悸动烧仙草（新站广场店）,新站区,16.0,3.9,奶茶/果汁,http://p1.meituan.net/w.h/biztone/5b4a3aa88ef9b682a0861ba16a6950541293048.jpg,31.9394,117.3288,7.0,684815210,https://www.meituan.com/meishi/684815210/
蜜雪冰城（双岗店）,双岗,7.0,4.9,奶茶/果汁,http://p1.meituan.net/w.h/biztone/2e5610e337d0a30c2ecf9cf00aa0f266162461.jpg,31.8785,117.2873,0.1,766110478,https://www.meituan.com/meishi/766110478/
甜啦啦（翡翠商城店）,大学城,13.0,4.2,奶茶/果汁,http://p0.meituan.net/w.h/biztone/429d5a765abe8471d369152100f46494140295.jpg,31.7614,117.2011,0.1,1688577606,https://www.meituan.com/meishi/1688577606/
蜜雪冰城（奥园城市天地店）,乐客来,7.0,4.1,冰淇淋,http://p1.meituan.net/w.h/biztone/2e5610e337d0a30c2ecf9cf00aa0f266162461.jpg,31.8514,117.1684,0.1,1205313098,https://www.meituan.com/meishi/1205313098/
沪上阿姨鲜果茶（唯品会奥莱店）,政务区,15.0,3.9,奶茶/果汁,http://p0.meituan.net/w.h/biztone/1847347851_1637748790659.jpeg,31.8176,117.2537,0.66,619901763,https://www.meituan.com/meishi/619901763/
7分甜（砂之船奥莱店）,高新区,20.0,4.5,奶茶/果汁,http://p1.meituan.net/w.h/biztone/1485171129_1636694415355.jpeg,31.8387,117.1174,18.9,1055084149,https://www.meituan.com/meishi/1055084149/
古茗（连水路店）,蒙城北路,15.0,4.7,奶茶/果汁,https://img.meituan.net/w.h/msmerchant/7d336a36b70f959926e14f892ab9bb9421909.png,31.9249,117.2669,13.0,939829699,https://www.meituan.com/meishi/939829699/
沪上阿姨鲜果茶（华府骏苑美食街店）,南七里站,15.0,4.1,奶茶/果汁,http://p0.meituan.net/w.h/biztone/1847347851_1637748790659.jpeg,31.8305,117.2338,0.66,1782910692,https://www.meituan.com/meishi/1782910692/
茶百道（天街店）,武里山天街,15.0,4.2,奶茶/果汁,http://p0.meituan.net/w.h/biztone/b8df853928aacac04c8add55075cb030325791.jpg,31.8989,117.3203,6.66,1116489843,https://www.meituan.com/meishi/1116489843/
悸动烧仙草（港荣百货店）,明发商业广场,17.0,3.6,奶茶/果汁,http://p1.meituan.net/w.h/biztone/5b4a3aa88ef9b682a0861ba16a6950541293048.jpg,31.8967,117.235,7.0,1023480992,https://www.meituan.com/meishi/1023480992/
沪上阿姨鲜果茶（利港幸福广场店）,利港银河广场,15.0,4.3,奶茶/果汁,http://p0.meituan.net/w.h/biztone/1847347851_1637748790659.jpeg,31.742,117.3038,0.66,635717244,https://www.meituan.com/meishi/635717244/
贡茶（龙岗店）,龙岗路,10.0,3.9,奶茶/果汁,http://p0.meituan.net/w.h/merchant/e2fd18a8e32e39d9b7b2bc9137d88572226522.png,31.8691,117.3766,6.9,1056049427,https://www.meituan.com/meishi/1056049427/
贡茶（兴园店）,华地紫园,0.0,4.2,奶茶/果汁,http://p1.meituan.net/w.h/wmproduct/834b56e844838a4b584a896e65ad5b5c135651.jpg,31.8191,117.2011,0.0,520367285,https://www.meituan.com/meishi/520367285/
甜啦啦（肥西花岗镇店）,肥西县,13.0,3.8,奶茶/果汁,http://p0.meituan.net/w.h/biztone/429d5a765abe8471d369152100f46494140295.jpg,31.6304,117.0565,0.1,1914989328,https://www.meituan.com/meishi/1914989328/
茶百道（星达城店）,中环城,15.0,4.4,奶茶/果汁,http://p0.meituan.net/w.h/biztone/1844271393_1636098027729.jpeg,31.7755,117.2121,6.66,597613650,https://www.meituan.com/meishi/597613650/
书亦烧仙草（簋街大学城店）,中环城,12.0,3.9,奶茶/果汁,http://p1.meituan.net/w.h/biztone/c79bc3e943d7c670a5f2a20ff8815944323607.jpg,31.7754,117.2066,6.66,1479103527,https://www.meituan.com/meishi/1479103527/
蜜雪冰城（临湖社区店）,经开区,7.0,4.0,奶茶/果汁,http://p1.meituan.net/w.h/biztone/2e5610e337d0a30c2ecf9cf00aa0f266162461.jpg,31.7128,117.2468,0.1,1182505652,https://www.meituan.com/meishi/1182505652/
CoCo都可（科大讯飞店）,高新区,13.0,3.7,奶茶/果汁,https://img.meituan.net/w.h/msmerchant/05784081b1ed0587e4ea65172a76ef7114438.jpg,31.8354,117.1437,5.0,543484681,https://www.meituan.com/meishi/543484681/
悸动烧仙草（武里山天街店）,武里山天街,16.0,4.3,奶茶/果汁,http://p1.meituan.net/w.h/biztone/5b4a3aa88ef9b682a0861ba16a6950541293048.jpg,31.8981,117.3197,7.0,919015642,https://www.meituan.com/meishi/919015642/
古茗（合肥工大店）,经开区,15.0,4.5,奶茶/果汁,https://img.meituan.net/w.h/msmerchant/7d336a36b70f959926e14f892ab9bb9421909.png,31.7755,117.2065,15.0,994872498,https://www.meituan.com/meishi/994872498/
沪上阿姨鲜果茶（合肥大学城店）,大学城,12.0,4.4,奶茶/果汁,http://p0.meituan.net/w.h/biztone/1847347851_1637748790659.jpeg,31.7754,117.2066,0.66,1808011765,https://www.meituan.com/meishi/1808011765/
贡茶（宝业店）,长江东路,12.0,4.1,奶茶/果汁,http://p1.meituan.net/w.h/merchant/8b76860d30d9b445c31f188ecd2ea041226424.png,31.8679,117.3369,6.9,1059560501,https://www.meituan.com/meishi/1059560501/
喜茶（百盛店）,淮河路步行街,29.0,4.5,奶茶/果汁,http://p0.meituan.net/w.h/biztone/1906987447_1636598387732.jpeg,31.8645,117.2943,0.0,950477569,https://www.meituan.com/meishi/950477569/
茶百道（史河路凤凰城店）,凤凰城,15.0,4.7,奶茶/果汁,http://p0.meituan.net/w.h/biztone/b8df853928aacac04c8add55075cb030325791.jpg,31.8621,117.2345,6.66,1006884718,https://www.meituan.com/meishi/1006884718/
本宫的茶（城市奥莱店）,安粮城市广场,12.0,4.4,奶茶/果汁,https://img.meituan.net/w.h/msmerchant/df297e3728794a458331943793a12fcd84930.jpg,31.8178,117.2538,0.1,1422054848,https://www.meituan.com/meishi/1422054848/
CoCo都可（滨湖银泰负一楼店）,滨湖银泰城,13.0,4.7,奶茶/果汁,https://img.meituan.net/w.h/msmerchant/05784081b1ed0587e4ea65172a76ef7114438.jpg,31.7137,117.3015,5.0,658931846,https://www.meituan.com/meishi/658931846/
卡旺卡（万象城店）,华润万象城,17.0,4.6,奶茶/果汁,http://p1.meituan.net/w.h/bbia/76b550bd8d6cd0258b70fb5839637ca5144403.jpg,31.7998,117.2309,0.0,164038729,https://www.meituan.com/meishi/164038729/
古茗（蜀山青阳路店）,青阳路,15.0,4.7,奶茶/果汁,https://img.meituan.net/w.h/msmerchant/7d336a36b70f959926e14f892ab9bb9421909.png,31.849,117.2417,13.0,1796645683,https://www.meituan.com/meishi/1796645683/
古茗（中心城店）,庐江县,15.0,4.3,奶茶/果汁,https://img.meituan.net/w.h/msmerchant/7d336a36b70f959926e14f892ab9bb9421909.png,31.2445,117.2909,13.0,1298073869,https://www.meituan.com/meishi/1298073869/
卡旺卡（宝业东城广场店）,东二环,16.0,4.7,奶茶/果汁,http://p1.meituan.net/w.h/bbia/76b550bd8d6cd0258b70fb5839637ca5144403.jpg,31.8698,117.3372,0.0,95272093,https://www.meituan.com/meishi/95272093/
蜜雪冰城（长丰步行街店）,水家湖火车站,7.0,4.3,奶茶/果汁,http://p1.meituan.net/w.h/biztone/2e5610e337d0a30c2ecf9cf00aa0f266162461.jpg,32.4778,117.1669,0.1,1775164195,https://www.meituan.com/meishi/1775164195/
CoCo都可（步行街百盛店）,淮河路步行街,13.0,4.2,奶茶/果汁,https://img.meituan.net/w.h/msmerchant/05784081b1ed0587e4ea65172a76ef7114438.jpg,31.8644,117.2938,24.0,791069807,https://www.meituan.com/meishi/791069807/
茶百道（家天下广场店）,家天下生活广场,15.0,3.6,奶茶/果汁,http://p0.meituan.net/w.h/biztone/b8df853928aacac04c8add55075cb030325791.jpg,31.8948,117.3257,6.66,1112042529,https://www.meituan.com/meishi/1112042529/
茶百道（包河万达店）,万达广场,15.0,4.3,奶茶/果汁,http://p0.meituan.net/w.h/biztone/b8df853928aacac04c8add55075cb030325791.jpg,31.8557,117.3023,6.66,1596568394,https://www.meituan.com/meishi/1596568394/
书亦烧仙草（武里山天街店）,武里山天街,12.0,4.5,奶茶/果汁,http://p1.meituan.net/w.h/biztone/c79bc3e943d7c670a5f2a20ff8815944323607.jpg,31.8982,117.3202,6.66,1917491239,https://www.meituan.com/meishi/1917491239/
CoCo都可（国购南门店）,之心城,13.0,4.5,奶茶/果汁,https://img.meituan.net/w.h/msmerchant/05784081b1ed0587e4ea65172a76ef7114438.jpg,31.8525,117.2565,5.0,164488614,https://www.meituan.com/meishi/164488614/
卡旺卡（万科中心店）,四里河,18.0,4.8,奶茶/果汁,http://p1.meituan.net/w.h/bbia/76b550bd8d6cd0258b70fb5839637ca5144403.jpg,31.8922,117.2346,0.0,194332054,https://www.meituan.com/meishi/194332054/
1点点（合肥瑶海万达店）,瑶海万达广场,14.0,4.4,奶茶/果汁,http://p0.meituan.net/w.h/biztone/a370c5bd2898d1a23e2f00f373bdbbfa187020.jpg,31.8785,117.3496,0.0,157064803,https://www.meituan.com/meishi/157064803/
沪上阿姨鲜果茶（大铺头店）,高新区,15.0,4.4,奶茶/果汁,http://p0.meituan.net/w.h/biztone/1847347851_1637748790659.jpeg,31.8542,117.1868,0.66,1489964420,https://www.meituan.com/meishi/1489964420/
SEECOLOR撞色（天鹅湖银泰城店）,天鹅湖银泰城,14.0,4.7,奶茶/果汁,http://p1.meituan.net/w.h/biztone/49b9bdc734d88bb905a10ba37d4d2254148434.jpg,31.8171,117.2341,6.9,966299385,https://www.meituan.com/meishi/966299385/
沪上阿姨鲜果茶（新都会环球购物广场店）,新都会家乐福,15.0,4.6,奶茶/果汁,http://p0.meituan.net/w.h/biztone/1847347851_1637748790659.jpeg,31.8475,117.3015,0.66,743238098,https://www.meituan.com/meishi/743238098/
悸动烧仙草（合肥瑶海万达店）,瑶海万达广场,17.0,4.0,奶茶/果汁,http://p1.meituan.net/w.h/biztone/5b4a3aa88ef9b682a0861ba16a6950541293048.jpg,31.8772,117.3497,7.0,694275585,https://www.meituan.com/meishi/694275585/
CoCo都可（中天左岸店）,合裕路,12.0,4.2,奶茶/果汁,https://img.meituan.net/w.h/msmerchant/05784081b1ed0587e4ea65172a76ef7114438.jpg,31.8484,117.3161,5.0,160151975,https://www.meituan.com/meishi/160151975/
蜜雪冰城（华府骏苑店）,南七里站,6.0,4.6,奶茶/果汁,http://p1.meituan.net/w.h/biztone/2e5610e337d0a30c2ecf9cf00aa0f266162461.jpg,31.8305,117.2348,0.1,193179274,https://www.meituan.com/meishi/193179274/
蜜雪冰城（胜利路店）,元一广场,6.0,4.9,奶茶/果汁,http://p1.meituan.net/w.h/biztone/2e5610e337d0a30c2ecf9cf00aa0f266162461.jpg,31.8746,117.3078,0.1,935076386,https://www.meituan.com/meishi/935076386/
古茗（武里山天街店）,武里山天街,15.0,4.8,奶茶/果汁,https://img.meituan.net/w.h/msmerchant/7d336a36b70f959926e14f892ab9bb9421909.png,31.8982,117.3206,12.0,711657091,https://www.meituan.com/meishi/711657091/
蜜雪冰城（合师紫蓬路店）,经开区,7.0,4.7,奶茶/果汁,http://p1.meituan.net/w.h/biztone/2e5610e337d0a30c2ecf9cf00aa0f266162461.jpg,31.747,117.2297,0.1,193220369,https://www.meituan.com/meishi/193220369/
沪上阿姨鲜果茶（女人街店）,三孝口/女人街,15.0,4.8,奶茶/果汁,http://p0.meituan.net/w.h/biztone/1847347851_1637748790659.jpeg,31.8603,117.2772,0.66,760756006,https://www.meituan.com/meishi/760756006/
武空茶（天鹅湖万达店）,天鹅湖万达广场,16.0,4.4,饮品店,http://p0.meituan.net/w.h/biztone/a058d0350d3120a4d5e857c7214af42349527.png,31.8206,117.2204,11.9,1097503238,https://www.meituan.com/meishi/1097503238/
蜜雪冰城（武里山天街店）,武里山天街,7.0,4.6,奶茶/果汁,http://p1.meituan.net/w.h/biztone/2e5610e337d0a30c2ecf9cf00aa0f266162461.jpg,31.8987,117.3205,0.1,1204819527,https://www.meituan.com/meishi/1204819527/
沪上阿姨鲜果茶（正大广场店）,明珠广场,15.0,4.6,奶茶/果汁,http://p0.meituan.net/w.h/biztone/1847347851_1637748790659.jpeg,31.7821,117.2289,0.66,1004545387,https://www.meituan.com/meishi/1004545387/
沪上阿姨鲜果茶（陶冲湖城市广场店）,新站区,15.0,4.5,奶茶/果汁,http://p0.meituan.net/w.h/biztone/1847347851_1637748790659.jpeg,31.9353,117.3421,0.66,1392342491,https://www.meituan.com/meishi/1392342491/
卡旺卡（桃花百大奥莱店）,百大奥莱,16.0,4.6,奶茶/果汁,http://p1.meituan.net/w.h/bbia/76b550bd8d6cd0258b70fb5839637ca5144403.jpg,31.8043,117.16,0.0,193196135,https://www.meituan.com/meishi/193196135/
卡旺卡（肥西联家店）,肥西县,17.0,4.5,奶茶/果汁,http://p1.meituan.net/w.h/bbia/76b550bd8d6cd0258b70fb5839637ca5144403.jpg,31.74,117.1806,0.0,191193846,https://www.meituan.com/meishi/191193846/
蜜雪冰城（太湖路店）,宁国路商业区,8.0,4.3,奶茶/果汁,http://p1.meituan.net/w.h/biztone/2e5610e337d0a30c2ecf9cf00aa0f266162461.jpg,31.8319,117.2927,0.1,1672682556,https://www.meituan.com/meishi/1672682556/
CoCo都可（百脑汇店）,百脑汇,13.0,4.3,奶茶/果汁,https://img.meituan.net/w.h/msmerchant/05784081b1ed0587e4ea65172a76ef7114438.jpg,31.8449,117.2726,5.0,1658537024,https://www.meituan.com/meishi/1658537024/
CoCo都可（新都会广场店）,新都会家乐福,12.0,4.2,奶茶/果汁,https://img.meituan.net/w.h/msmerchant/05784081b1ed0587e4ea65172a76ef7114438.jpg,31.8478,117.3014,8.15,116047080,https://www.meituan.com/meishi/116047080/
武空茶（国购店）,之心城,13.0,4.3,奶茶/果汁,http://p0.meituan.net/w.h/biztone/a058d0350d3120a4d5e857c7214af42349527.png,31.8525,117.2564,11.9,721510644,https://www.meituan.com/meishi/721510644/
蜜雪冰城（老街店）,龙泉路,6.0,4.6,奶茶/果汁,http://p1.meituan.net/w.h/biztone/2e5610e337d0a30c2ecf9cf00aa0f266162461.jpg,31.8831,117.4673,2.0,52860891,https://www.meituan.com/meishi/52860891/
厝内小眷村（合肥悦方店）,悦方IDMALL,25.0,4.7,奶茶/果汁,http://p0.meituan.net/w.h/biztone/027d76c61af7aed789020f169523359c990188.jpg,31.7402,117.3046,0.1,193805186,https://www.meituan.com/meishi/193805186/
蜜雪冰城（双凤大道店）,阿奎利亚,7.0,4.3,奶茶/果汁,http://p1.meituan.net/w.h/biztone/2e5610e337d0a30c2ecf9cf00aa0f266162461.jpg,31.9574,117.2632,0.1,805318946,https://www.meituan.com/meishi/805318946/
蜜雪冰城·冰淇淋与茶（祥源城店）,高新区,6.0,4.4,奶茶/果汁,http://p1.meituan.net/w.h/biztone/2e5610e337d0a30c2ecf9cf00aa0f266162461.jpg,31.8324,117.1296,0.0,1983883390,https://www.meituan.com/meishi/1983883390/
和气桃桃（滨湖悦方店）,悦方IDMALL,16.0,4.5,奶茶/果汁,http://p0.meituan.net/w.h/wmproduct/6b91f8b936aaa5c71aa20a765eed43d7527290.png,31.7402,117.3038,13.6,1442056059,https://www.meituan.com/meishi/1442056059/
茶百道（肥东吾悦广场金街店）,龙泉路,14.0,3.9,奶茶/果汁,http://p0.meituan.net/w.h/biztone/b8df853928aacac04c8add55075cb030325791.jpg,31.8723,117.4596,15.3,735663915,https://www.meituan.com/meishi/735663915/
沪上阿姨鲜果茶（双岗店）,双岗,15.0,4.8,奶茶/果汁,http://p0.meituan.net/w.h/biztone/1847347851_1637748790659.jpeg,31.8785,117.2874,0.66,1036180225,https://www.meituan.com/meishi/1036180225/
沪上阿姨鲜果茶（大溪地店）,1912街区,15.0,4.2,奶茶/果汁,http://p0.meituan.net/w.h/biztone/1847347851_1637748790659.jpeg,31.8407,117.2254,0.66,193298907,https://www.meituan.com/meishi/193298907/
甜啦啦（合肥经济技术职业学院店）,庐阳区,13.0,4.0,奶茶/果汁,http://p0.meituan.net/w.h/biztone/429d5a765abe8471d369152100f46494140295.jpg,31.895,117.2149,0.1,560251955,https://www.meituan.com/meishi/560251955/
蜜雪冰城（新城吾悦广场店）,肥东县,6.0,4.1,奶茶/果汁,http://p1.meituan.net/w.h/biztone/2e5610e337d0a30c2ecf9cf00aa0f266162461.jpg,31.8715,117.4579,2.0,1667355434,https://www.meituan.com/meishi/1667355434/
CoCo都可（滨湖时代广场店）,高速时代广场,13.0,4.4,奶茶/果汁,https://img.meituan.net/w.h/msmerchant/05784081b1ed0587e4ea65172a76ef7114438.jpg,31.7219,117.2815,5.0,93859091,https://www.meituan.com/meishi/93859091/
CoCo都可（蜀峰路联家店）,乐客来,12.0,4.6,奶茶/果汁,https://img.meituan.net/w.h/msmerchant/05784081b1ed0587e4ea65172a76ef7114438.jpg,31.8595,117.1687,5.0,742817314,https://www.meituan.com/meishi/742817314/
蜜雪冰城·（新天地店）,白水坝,7.0,4.1,奶茶/果汁,http://p1.meituan.net/w.h/biztone/2e5610e337d0a30c2ecf9cf00aa0f266162461.jpg,31.8802,117.2798,0.1,1687963983,https://www.meituan.com/meishi/1687963983/
你好星球（加侨国际广场店）,加侨广场,15.0,4.0,奶茶/果汁,http://p0.meituan.net/w.h/merchant/0f68f07b754336369212f948e166a0e471423.jpg,31.8152,117.3012,7.8,604085384,https://www.meituan.com/meishi/604085384/
卡旺卡（正大广场店）,明珠广场,17.0,4.6,奶茶/果汁,http://p1.meituan.net/w.h/bbia/76b550bd8d6cd0258b70fb5839637ca5144403.jpg,31.7813,117.2289,0.0,195154577,https://www.meituan.com/meishi/195154577/
古茗（北城世纪金源店）,世纪金源,16.0,4.6,奶茶/果汁,https://img.meituan.net/w.h/msmerchant/7d336a36b70f959926e14f892ab9bb9421909.png,32.0043,117.247,15.0,965496138,https://www.meituan.com/meishi/965496138/
和气桃桃（蜀山官亭路店）,三里庵,18.0,4.2,饮品店,http://p0.meituan.net/w.h/merchant/d09cf6d73a3c6f8b3b141c0447dd8865194471.jpg,31.8561,117.256,13.6,1781937873,https://www.meituan.com/meishi/1781937873/
茶百道（合肥学院店）,经开区,15.0,3.6,奶茶/果汁,http://p0.meituan.net/w.h/biztone/b8df853928aacac04c8add55075cb030325791.jpg,31.7558,117.2531,6.66,1124160447,https://www.meituan.com/meishi/1124160447/
1点点（祥源城银泰店）,高新区,16.0,4.3,奶茶/果汁,http://p0.meituan.net/w.h/biztone/a370c5bd2898d1a23e2f00f373bdbbfa187020.jpg,31.8325,117.1293,0.0,877906430,https://www.meituan.com/meishi/877906430/
CoCo都可（禹悦里店）,新站区,13.0,4.5,奶茶/果汁,https://img.meituan.net/w.h/msmerchant/05784081b1ed0587e4ea65172a76ef7114438.jpg,31.9036,117.3138,5.0,556507830,https://www.meituan.com/meishi/556507830/
厝内小眷村（合肥天鹅湖万达店）,天鹅湖万达广场,23.0,4.5,奶茶/果汁,http://p0.meituan.net/w.h/biztone/027d76c61af7aed789020f169523359c990188.jpg,31.821,117.2211,0.1,165167893,https://www.meituan.com/meishi/165167893/
沪上阿姨鲜果茶（阿奎利亚店）,阿奎利亚,0.0,4.2,奶茶/果汁,http://p0.meituan.net/w.h/biztone/1847347851_1637748790659.jpeg,31.9559,117.2648,0.66,793033640,https://www.meituan.com/meishi/793033640/
吾饮良品水果茶（星空影城店）,高速时代广场,11.0,4.2,奶茶/果汁,http://p0.meituan.net/w.h/biztone/1857948745_1635556200825.jpeg,31.7223,117.283,0.01,1588846974,https://www.meituan.com/meishi/1588846974/
沪上阿姨鲜果茶（星达城店）,星达城购物中心,15.0,4.8,奶茶/果汁,http://p0.meituan.net/w.h/biztone/1847347851_1637748790659.jpeg,31.7752,117.2122,0.66,1344051206,https://www.meituan.com/meishi/1344051206/
